{
  "urls": [
    "core-ui-sprite.webm",
    "core-ui-sprite.m4a",
    "core-ui-sprite.mp3"
  ],
  "sprite": {
    "silence": [
      0,
      50,
      true
    ],
    "btn-hero-start": [
      550,
      5014.739229024944
    ],
    "btn-primary-action": [
      7050,
      1301.224489795918
    ],
    "btn-secondary-action": [
      9549.999999999998,
      2000
    ],
    "card-feature-click": [
      12049.999999999998,
      1106.5759637188214
    ],
    "chat-msg-receive": [
      14549.999999999998,
      2170.566893424036
    ],
    "chat-msg-send": [
      18049.999999999996,
      1342.1995464852614
    ],
    "quiz-loader-done": [
      20549.999999999996,
      1937.4829931972783
    ],
    "quiz-result-good": [
      23049.999999999996,
      2993.5600907029498
    ],
    "quiz-result-perfect": [
      26549.999999999996,
      3542.2448979591827
    ],
    "quiz-result-retry": [
      31049.999999999996,
      3004.1950113378703
    ],
    "ui-action-locked": [
      35550,
      3341.2925170068065
    ],
    "ui-checkbox-check": [
      40050,
      500
    ],
    "ui-dropdown-open": [
      41550,
      509.999999999998
    ],
    "ui-error-msg": [
      43050,
      1108.7528344671184
    ],
    "ui-logout": [
      45550,
      1137.777777777778
    ],
    "ui-menu-toggle": [
      48050,
      301.2018140589561
    ],
    "ui-nav-click": [
      49550,
      1688.843537414968
    ],
    "ui-nav-premium": [
      52050,
      3026.984126984125
    ],
    "ui-text-link": [
      56550,
      124.98866213152127
    ],
    "ui-theme-toggle": [
      58050,
      2475.260770975055
    ]
  }
}